age_group,Test Group Error Rate (%),Control Group Error Rate (%),Z-Score,P-Value
10-19,0.0,0.0,0.457853565145779,0.6470576494238425
20-29,0.0463,0.0269,1.4152947836714407,0.1569820837925049
30-39,0.0191,0.0455,-0.7061306164562865,0.48010691353429946
40-49,0.0433,0.0,0.4843362095099092,0.6281472821808856
50-59,0.0343,0.0193,0.3260077942281586,0.7444184580750746
60-69,0.0624,0.0465,,
70-79,0.0,0.0,,
80-89,0.0,0.0,,
90-99,0.0,0.0,,
