Group,Completion Rate,Completion Rate Difference,Z-Statistic,P-Value
Test Group,0.5972330403174957,0.08601141318156102,19.40860350247288,6.527720295722491e-84
Control Group,0.5112216271359347,,,
