Group,Error Rate
Test,0.596183887525106
Control,0.5098482264665757
